{
  "type": "minecraft:crafting_shaped",
  "category": "building",
  "key": {
    "#": "minecraft:diamond",
    "x": "minecraft:crossbow"
  },
  "pattern": [
    "###",
    "#x#",
    "###"
  ],
  "result": {
    "components": {
      "minecraft:enchantments": {
        "minecraft:multishot": 255,
        "minecraft:quick_charge": 255,
        "minecraft:infinity": 1
      },
      "minecraft:custom_name": "§4§lTNT Blaster",
      "minecraft:item_model": "tnt:tnt_blaster",
      "minecraft:unbreakable": {}
    },
    "count": 1,
    "id": "minecraft:crossbow"
  }
}