{
  "type": "minecraft:crafting_shaped",
  "category": "building",
  "key": {
    "#": "minecraft:diamond",
    "x": "minecraft:tnt"
  },
  "pattern": [
    "###",
    "#x#",
    "###"
  ],
  "result": {
    "components": {
      "minecraft:custom_name": "§l§4Infinite TNT",
      "minecraft:consumable": {
        "consume_seconds": 9999999,
        "animation": "none",
        "has_consume_particles": false,
        "on_consume_effects": []
      },
      "minecraft:food": {
        "nutrition": 0,
        "saturation": 0,
        "can_always_eat": true
      },
      "minecraft:item_model": "tnt:tnt",
      "minecraft:custom_data": {
        "custom_id": "tnt"
      }
    },
    "count": 1,
    "id": "minecraft:poisonous_potato"
  }
}