{
  "type": "minecraft:crafting_shaped",
  "pattern": [
    "fdf",
    "dtd",
    "fdf"
  ],
  "key": {
    "d": [
      "minecraft:diamond"
    ],
    "f": [
      "minecraft:firework_rocket"
    ],
    "t": [
      "minecraft:tnt"
    ]
  },
  "result": {
    "id": "minecraft:poisonous_potato",
    "components": {
      "minecraft:consumable": {
        "consume_seconds": 999999999,
        "animation": "none"
      },
      "minecraft:food": {
        "nutrition": 0,
        "saturation": 0,
        "can_always_eat": true
      },
      "minecraft:custom_data": "{custom_id:\"super_tnt\"}",
      "minecraft:item_model": "tnt:super_tnt",
      "minecraft:custom_name": "§31000 §l§3S§4u§2p§1e§5r §6T§7N§9T §3(Wait after using)"
    }
  }
}