{
	"format_version": "1.21.6",
	"credit": "Made with Blockbench",
	"texture_size": [32, 32],
	"textures": {
		"0": "tnt:item/tnt",
		"particle": "tnt:item/tnt"
	},
	"elements": [
		{
			"from": [7, 3.18884, 8.84154],
			"to": [9, 9.18884, 11.84154],
			"rotation": {"angle": -10, "axis": "x", "origin": [8, 4, 10]},
			"faces": {
				"north": {"uv": [4, 7, 5, 10], "texture": "#0"},
				"east": {"uv": [4, 4, 5.5, 7], "texture": "#0"},
				"south": {"uv": [7, 4, 8, 7], "texture": "#0"},
				"west": {"uv": [5.5, 4, 7, 7], "texture": "#0"},
				"up": {"uv": [6, 8.5, 5, 7], "texture": "#0"},
				"down": {"uv": [7, 7, 6, 8.5], "texture": "#0"}
			}
		},
		{
			"from": [6, 9, 1],
			"to": [10, 13, 13],
			"rotation": {"angle": 0, "axis": "y", "origin": [8, 4, 10]},
			"faces": {
				"north": {"uv": [6, 0, 8, 2], "texture": "#0"},
				"east": {"uv": [0, 0, 6, 2], "texture": "#0"},
				"south": {"uv": [6, 2, 8, 4], "texture": "#0"},
				"west": {"uv": [0, 2, 6, 4], "texture": "#0"},
				"up": {"uv": [2, 10, 0, 4], "texture": "#0"},
				"down": {"uv": [4, 4, 2, 10], "texture": "#0"}
			}
		},
		{
			"from": [7.5, 6.47487, 10.35355],
			"to": [8.5, 10.97487, 11.35355],
			"rotation": {"angle": -45, "axis": "x", "origin": [8, 4, 10]},
			"faces": {
				"north": {"uv": [7, 7, 7.5, 9.5], "texture": "#0"},
				"east": {"uv": [7.5, 7, 8, 9.5], "texture": "#0"},
				"south": {"uv": [8, 0, 8.5, 2.5], "texture": "#0"},
				"west": {"uv": [8, 2.5, 8.5, 5], "texture": "#0"},
				"up": {"uv": [8.5, 5.5, 8, 5], "texture": "#0"},
				"down": {"uv": [8.5, 5.5, 8, 6], "texture": "#0"}
			}
		}
	],
	"display": {
		"gui": {
			"rotation": [0, -90, 0]
		},
		"head": {
			"translation": [0, 8, -5]
		},
		"fixed": {
			"rotation": [0, 90, 0]
		}
	}
}